,network,seeding_method,q,proportion_adopted
0,physician_trust,random,0.01,0.7793258426966292
1,physician_trust,random,0.02,0.7914606741573034
2,physician_trust,random,0.03,0.7865168539325843
3,physician_trust,random,0.04,0.8139325842696631
4,physician_trust,random,0.05,0.7638202247191013
5,physician_trust,random,0.06,0.7937078651685393
6,physician_trust,random,0.07,0.790561797752809
7,physician_trust,random,0.08,0.7975280898876405
8,physician_trust,random,0.09,0.8053932584269664
9,physician_trust,random,0.1,0.8229213483146065
10,physician_trust,random,0.11,0.8022471910112359
11,physician_trust,random,0.12,0.78561797752809
12,physician_trust,random,0.13,0.7838202247191012
13,physician_trust,random,0.14,0.775505617977528
14,physician_trust,random,0.15,0.757752808988764
15,physician_trust,random,0.16,0.7426966292134832
16,physician_trust,random,0.17,0.7568539325842697
17,physician_trust,random,0.18,0.7633707865168539
18,physician_trust,random,0.19,0.775505617977528
19,physician_trust,random,0.2,0.6671910112359551
20,physician_trust,random,0.21,0.6959550561797754
21,physician_trust,random,0.22,0.7222471910112359
22,physician_trust,random,0.23,0.6341573033707867
23,physician_trust,random,0.24,0.6755056179775282
24,physician_trust,random,0.25,0.44292134831460683
25,physician_trust,random,0.26,0.4397752808988765
26,physician_trust,random,0.27,0.44404494382022475
27,physician_trust,random,0.28,0.40157303370786523
28,physician_trust,random,0.29,0.435056179775281
29,physician_trust,random,0.3,0.3948314606741572
30,physician_trust,random,0.31,0.34651685393258425
31,physician_trust,random,0.32,0.3134831460674158
32,physician_trust,random,0.33,0.2961797752808989
33,physician_trust,random,0.34,0.15752808988764042
34,physician_trust,random,0.35,0.1507865168539326
35,physician_trust,random,0.36,0.14471910112359548
36,physician_trust,random,0.37,0.12269662921348315
37,physician_trust,random,0.38,0.12044943820224718
38,physician_trust,random,0.39,0.09685393258426966
39,physician_trust,random,0.4,0.08674157303370786
40,physician_trust,random,0.41,0.069438202247191
41,physician_trust,random,0.42,0.05955056179775281
42,physician_trust,random,0.43,0.06337078651685393
43,physician_trust,random,0.44,0.050561797752808973
44,physician_trust,random,0.45,0.057303370786516844
45,physician_trust,random,0.46,0.04629213483146066
46,physician_trust,random,0.47,0.05101123595505619
47,physician_trust,random,0.48,0.05752808988764044
48,physician_trust,random,0.49,0.05842696629213484
49,physician_trust,random,0.5,0.015056179775280884
50,physician_trust,random,0.51,0.013258426966292133
51,physician_trust,random,0.52,0.0206741573033708
52,physician_trust,random,0.53,0.012359550561797758
53,physician_trust,random,0.54,0.01820224719101121
54,physician_trust,random,0.55,0.02022471910112357
55,physician_trust,random,0.56,0.011685393258426963
56,physician_trust,random,0.57,0.020000000000000018
57,physician_trust,random,0.58,0.013707865168539321
58,physician_trust,random,0.59,0.019101123595505642
59,physician_trust,random,0.6,0.015955056179775273
60,physician_trust,random,0.61,0.011235955056179747
61,physician_trust,random,0.62,0.013483146067415713
62,physician_trust,random,0.63,0.01168539325842699
63,physician_trust,random,0.64,0.011685393258426963
64,physician_trust,random,0.65,0.010337078651685372
65,physician_trust,random,0.66,0.011460674157303355
66,physician_trust,random,0.67,0.007415730337078652
67,physician_trust,random,0.68,0.01078651685393256
68,physician_trust,random,0.69,0.008988764044943795
69,physician_trust,random,0.7,0.0103370786516854
70,physician_trust,random,0.71,0.008539325842696621
71,physician_trust,random,0.72,0.010112359550561792
72,physician_trust,random,0.73,0.009887640449438184
73,physician_trust,random,0.74,0.011685393258426963
74,physician_trust,random,0.75,0.008988764044943809
75,physician_trust,random,0.76,0.00786516853932584
76,physician_trust,random,0.77,0.009438202247190997
77,physician_trust,random,0.78,0.004494382022471918
78,physician_trust,random,0.79,0.010337078651685372
79,physician_trust,random,0.8,0.008764044943820229
80,physician_trust,random,0.81,0.007640449438202232
81,physician_trust,random,0.82,0.008539325842696621
82,physician_trust,random,0.83,0.00786516853932584
83,physician_trust,random,0.84,0.008089887640449434
84,physician_trust,random,0.85,0.008314606741573027
85,physician_trust,random,0.86,0.007415730337078652
86,physician_trust,random,0.87,0.008764044943820229
87,physician_trust,random,0.88,0.005617977528089901
88,physician_trust,random,0.89,0.006067415730337089
89,physician_trust,random,0.9,0.008764044943820215
90,physician_trust,random,0.91,0.008314606741573027
91,physician_trust,random,0.92,0.006516853932584249
92,physician_trust,random,0.93,0.008539325842696621
93,physician_trust,random,0.94,0.009438202247191024
94,physician_trust,random,0.95,0.008988764044943809
95,physician_trust,random,0.96,0.008314606741573027
96,physician_trust,random,0.97,0.00786516853932584
97,physician_trust,random,0.98,0.006966292134831464
98,physician_trust,random,0.99,0.008764044943820229
99,physician_trust,pair,0.01,0.726741573033708
100,physician_trust,pair,0.02,0.693932584269663
101,physician_trust,pair,0.03,0.7413483146067416
102,physician_trust,pair,0.04,0.6914606741573034
103,physician_trust,pair,0.05,0.701123595505618
104,physician_trust,pair,0.06,0.6865168539325842
105,physician_trust,pair,0.07,0.7130337078651685
106,physician_trust,pair,0.08,0.7116853932584271
107,physician_trust,pair,0.09,0.6653932584269663
108,physician_trust,pair,0.1,0.7130337078651685
109,physician_trust,pair,0.11,0.675056179775281
110,physician_trust,pair,0.12,0.6878651685393259
111,physician_trust,pair,0.13,0.6732584269662921
112,physician_trust,pair,0.14,0.6193258426966292
113,physician_trust,pair,0.15,0.6685393258426967
114,physician_trust,pair,0.16,0.6683146067415731
115,physician_trust,pair,0.17,0.6896629213483146
116,physician_trust,pair,0.18,0.6635955056179775
117,physician_trust,pair,0.19,0.7078651685393258
118,physician_trust,pair,0.2,0.6164044943820225
119,physician_trust,pair,0.21,0.6137078651685394
120,physician_trust,pair,0.22,0.6197752808988765
121,physician_trust,pair,0.23,0.6170786516853933
122,physician_trust,pair,0.24,0.5932584269662923
123,physician_trust,pair,0.25,0.38786516853932596
124,physician_trust,pair,0.26,0.4442696629213483
125,physician_trust,pair,0.27,0.4366292134831461
126,physician_trust,pair,0.28,0.37011235955056176
127,physician_trust,pair,0.29,0.3514606741573034
128,physician_trust,pair,0.3,0.3334831460674157
129,physician_trust,pair,0.31,0.3570786516853932
130,physician_trust,pair,0.32,0.2649438202247191
131,physician_trust,pair,0.33,0.4020224719101123
132,physician_trust,pair,0.34,0.2166292134831461
133,physician_trust,pair,0.35,0.1993258426966292
134,physician_trust,pair,0.36,0.23528089887640444
135,physician_trust,pair,0.37,0.17640449438202246
136,physician_trust,pair,0.38,0.17146067415730334
137,physician_trust,pair,0.39,0.14966292134831463
138,physician_trust,pair,0.4,0.10629213483146066
139,physician_trust,pair,0.41,0.109438202247191
140,physician_trust,pair,0.42,0.09617977528089885
141,physician_trust,pair,0.43,0.11550561797752809
142,physician_trust,pair,0.44,0.09168539325842695
143,physician_trust,pair,0.45,0.08876404494382023
144,physician_trust,pair,0.46,0.0750561797752809
145,physician_trust,pair,0.47,0.07775280898876405
146,physician_trust,pair,0.48,0.07797752808988764
147,physician_trust,pair,0.49,0.08876404494382023
148,physician_trust,pair,0.5,0.027415730337078642
149,physician_trust,pair,0.51,0.039325842696629226
150,physician_trust,pair,0.52,0.035280898876404454
151,physician_trust,pair,0.53,0.028764044943820205
152,physician_trust,pair,0.54,0.0310112359550562
153,physician_trust,pair,0.55,0.030786516853932605
154,physician_trust,pair,0.56,0.029662921348314608
155,physician_trust,pair,0.57,0.029438202247190987
156,physician_trust,pair,0.58,0.022247191011235956
157,physician_trust,pair,0.59,0.023370786516853925
158,physician_trust,pair,0.6,0.02134831460674158
159,physician_trust,pair,0.61,0.020224719101123598
160,physician_trust,pair,0.62,0.020224719101123598
161,physician_trust,pair,0.63,0.026516853932584267
162,physician_trust,pair,0.64,0.021348314606741553
163,physician_trust,pair,0.65,0.02157303370786516
164,physician_trust,pair,0.66,0.02426966292134833
165,physician_trust,pair,0.67,0.011011235955056167
166,physician_trust,pair,0.68,0.008539325842696621
167,physician_trust,pair,0.69,0.011685393258426963
168,physician_trust,pair,0.7,0.007415730337078652
169,physician_trust,pair,0.71,0.011235955056179775
170,physician_trust,pair,0.72,0.008314606741573041
171,physician_trust,pair,0.73,0.011910112359550543
172,physician_trust,pair,0.74,0.01213483146067415
173,physician_trust,pair,0.75,0.009438202247191024
174,physician_trust,pair,0.76,0.006966292134831464
175,physician_trust,pair,0.77,0.006516853932584249
176,physician_trust,pair,0.78,0.012134831460674178
177,physician_trust,pair,0.79,0.008988764044943809
178,physician_trust,pair,0.8,0.006741573033707857
179,physician_trust,pair,0.81,0.006741573033707857
180,physician_trust,pair,0.82,0.008764044943820229
181,physician_trust,pair,0.83,0.006516853932584277
182,physician_trust,pair,0.84,0.0103370786516854
183,physician_trust,pair,0.85,0.008314606741573027
184,physician_trust,pair,0.86,0.006516853932584249
185,physician_trust,pair,0.87,0.006966292134831464
186,physician_trust,pair,0.88,0.007640449438202246
187,physician_trust,pair,0.89,0.009662921348314604
188,physician_trust,pair,0.9,0.0044943820224718906
189,physician_trust,pair,0.91,0.007191011235955058
190,physician_trust,pair,0.92,0.00786516853932584
191,physician_trust,pair,0.93,0.00786516853932584
192,physician_trust,pair,0.94,0.008988764044943809
193,physician_trust,pair,0.95,0.008988764044943809
194,physician_trust,pair,0.96,0.004719101123595498
195,physician_trust,pair,0.97,0.008764044943820215
196,physician_trust,pair,0.98,0.006516853932584249
197,physician_trust,pair,0.99,0.009438202247190997
198,physician_trust,friend,0.01,0.7966292134831461
199,physician_trust,friend,0.02,0.8103370786516854
200,physician_trust,friend,0.03,0.790561797752809
201,physician_trust,friend,0.04,0.7970786516853935
202,physician_trust,friend,0.05,0.7782022471910113
203,physician_trust,friend,0.06,0.790561797752809
204,physician_trust,friend,0.07,0.7901123595505617
205,physician_trust,friend,0.08,0.7937078651685393
206,physician_trust,friend,0.09,0.8085393258426967
207,physician_trust,friend,0.1,0.8096629213483146
208,physician_trust,friend,0.11,0.783370786516854
209,physician_trust,friend,0.12,0.763820224719101
210,physician_trust,friend,0.13,0.7770786516853934
211,physician_trust,friend,0.14,0.7797752808988764
212,physician_trust,friend,0.15,0.7575280898876404
213,physician_trust,friend,0.16,0.7921348314606741
214,physician_trust,friend,0.17,0.7510112359550564
215,physician_trust,friend,0.18,0.7559550561797753
216,physician_trust,friend,0.19,0.7773033707865169
217,physician_trust,friend,0.2,0.7355056179775282
218,physician_trust,friend,0.21,0.6856179775280901
219,physician_trust,friend,0.22,0.7310112359550563
220,physician_trust,friend,0.23,0.7116853932584271
221,physician_trust,friend,0.24,0.6964044943820226
222,physician_trust,friend,0.25,0.5451685393258427
223,physician_trust,friend,0.26,0.5404494382022472
224,physician_trust,friend,0.27,0.5017977528089888
225,physician_trust,friend,0.28,0.5155056179775281
226,physician_trust,friend,0.29,0.4566292134831461
227,physician_trust,friend,0.3,0.4568539325842699
228,physician_trust,friend,0.31,0.4352808988764044
229,physician_trust,friend,0.32,0.40426966292134825
230,physician_trust,friend,0.33,0.40516853932584274
231,physician_trust,friend,0.34,0.2759550561797752
232,physician_trust,friend,0.35,0.23011235955056178
233,physician_trust,friend,0.36,0.27662921348314606
234,physician_trust,friend,0.37,0.22921348314606735
235,physician_trust,friend,0.38,0.2159550561797753
236,physician_trust,friend,0.39,0.17640449438202246
237,physician_trust,friend,0.4,0.1357303370786517
238,physician_trust,friend,0.41,0.15348314606741573
239,physician_trust,friend,0.42,0.10786516853932579
240,physician_trust,friend,0.43,0.11955056179775281
241,physician_trust,friend,0.44,0.1143820224719101
242,physician_trust,friend,0.45,0.10314606741573032
243,physician_trust,friend,0.46,0.12269662921348315
244,physician_trust,friend,0.47,0.09528089887640448
245,physician_trust,friend,0.48,0.09550561797752807
246,physician_trust,friend,0.49,0.10382022471910107
247,physician_trust,friend,0.5,0.03325842696629214
248,physician_trust,friend,0.51,0.03505617977528089
249,physician_trust,friend,0.52,0.033707865168539325
250,physician_trust,friend,0.53,0.039325842696629226
251,physician_trust,friend,0.54,0.03415730337078651
252,physician_trust,friend,0.55,0.029887640449438202
253,physician_trust,friend,0.56,0.03033707865168539
254,physician_trust,friend,0.57,0.03033707865168539
255,physician_trust,friend,0.58,0.026292134831460673
256,physician_trust,friend,0.59,0.03056179775280901
257,physician_trust,friend,0.6,0.01842696629213482
258,physician_trust,friend,0.61,0.02606741573033708
259,physician_trust,friend,0.62,0.025168539325842676
260,physician_trust,friend,0.63,0.024494382022471894
261,physician_trust,friend,0.64,0.02179775280898877
262,physician_trust,friend,0.65,0.020224719101123598
263,physician_trust,friend,0.66,0.02674157303370786
264,physician_trust,friend,0.67,0.01999999999999999
265,physician_trust,friend,0.68,0.020674157303370785
266,physician_trust,friend,0.69,0.01999999999999999
267,physician_trust,friend,0.7,0.01617977528089884
268,physician_trust,friend,0.71,0.01820224719101121
269,physician_trust,friend,0.72,0.01797752808988763
270,physician_trust,friend,0.73,0.015056179775280884
271,physician_trust,friend,0.74,0.01640449438202246
272,physician_trust,friend,0.75,0.018876404494382007
273,physician_trust,friend,0.76,0.017303370786516836
274,physician_trust,friend,0.77,0.01999999999999999
275,physician_trust,friend,0.78,0.017303370786516864
276,physician_trust,friend,0.79,0.012808988764044946
277,physician_trust,friend,0.8,0.017977528089887618
278,physician_trust,friend,0.81,0.015280898876404492
279,physician_trust,friend,0.82,0.017303370786516864
280,physician_trust,friend,0.83,0.013258426966292106
281,physician_trust,friend,0.84,0.017303370786516836
282,physician_trust,friend,0.85,0.01595505617977526
283,physician_trust,friend,0.86,0.01662921348314607
284,physician_trust,friend,0.87,0.020224719101123598
285,physician_trust,friend,0.88,0.021123595505617973
286,physician_trust,friend,0.89,0.013483146067415713
287,physician_trust,friend,0.9,0.014831460674157304
288,physician_trust,friend,0.91,0.017303370786516864
289,physician_trust,friend,0.92,0.016629213483146055
290,physician_trust,friend,0.93,0.01617977528089888
291,physician_trust,friend,0.94,0.01797752808988766
292,physician_trust,friend,0.95,0.01640449438202246
293,physician_trust,friend,0.96,0.015056179775280884
294,physician_trust,friend,0.97,0.01685393258426965
295,physician_trust,friend,0.98,0.015505617977528086
296,physician_trust,friend,0.99,0.01595505617977526
297,fb-messages,random,0.01,0.8972617166929963
298,fb-messages,random,0.02,0.8969457609268036
299,fb-messages,random,0.03,0.8973670352817271
300,fb-messages,random,0.04,0.897788309636651
301,fb-messages,random,0.05,0.8971563981042655
302,fb-messages,random,0.06,0.8974723538704582
303,fb-messages,random,0.07,0.8974723538704582
304,fb-messages,random,0.08,0.8972617166929963
305,fb-messages,random,0.09,0.8970510795155345
306,fb-messages,random,0.1,0.8972617166929963
307,fb-messages,random,0.11,0.8973670352817271
308,fb-messages,random,0.12,0.8975776724591891
309,fb-messages,random,0.13,0.8972617166929963
310,fb-messages,random,0.14,0.8974723538704581
311,fb-messages,random,0.15,0.8973670352817272
312,fb-messages,random,0.16,0.8973670352817272
313,fb-messages,random,0.17,0.8974723538704581
314,fb-messages,random,0.18,0.8972617166929963
315,fb-messages,random,0.19,0.8972617166929963
316,fb-messages,random,0.2,0.7295945234333859
317,fb-messages,random,0.21,0.8146392838335966
318,fb-messages,random,0.22,0.3987361769352291
319,fb-messages,random,0.23,0.3163770405476567
320,fb-messages,random,0.24,0.22295945234333855
321,fb-messages,random,0.25,0.03312269615587152
322,fb-messages,random,0.26,0.04044233807266981
323,fb-messages,random,0.27,0.03307003686150606
324,fb-messages,random,0.28,0.03133228014744602
325,fb-messages,random,0.29,0.032438125329120576
326,fb-messages,random,0.3,0.024117956819378616
327,fb-messages,random,0.31,0.030753027909426023
328,fb-messages,random,0.32,0.028646656134807796
329,fb-messages,random,0.33,0.02232754081095313
330,fb-messages,random,0.34,0.0036861506055818755
331,fb-messages,random,0.35,0.003844128488678253
332,fb-messages,random,0.36,0.00379146919431278
333,fb-messages,random,0.37,0.003212216956292757
334,fb-messages,random,0.38,0.003212216956292785
335,fb-messages,random,0.39,0.00363349131121643
336,fb-messages,random,0.4,0.0011058451816745585
337,fb-messages,random,0.41,0.0016324381253291081
338,fb-messages,random,0.42,0.0015271195365982038
339,fb-messages,random,0.43,0.001263823064770922
340,fb-messages,random,0.44,0.00047393364928909054
341,fb-messages,random,0.45,0.00047393364928909054
342,fb-messages,random,0.46,0.0005792522380200227
343,fb-messages,random,0.47,0.0004212743549236453
344,fb-messages,random,0.48,0.0008425487098472767
345,fb-messages,random,0.49,0.00031595576619271315
346,fb-messages,random,0.5,-0.00036861506055818616
347,fb-messages,random,0.51,-0.00047393364928909054
348,fb-messages,random,0.52,-0.00036861506055818616
349,fb-messages,random,0.53,-0.00047393364928909054
350,fb-messages,random,0.54,-0.00031595576619272703
351,fb-messages,random,0.55,-0.0004212743549236314
352,fb-messages,random,0.56,-0.00036861506055818616
353,fb-messages,random,0.57,-0.0004212743549236314
354,fb-messages,random,0.58,-0.0004212743549236314
355,fb-messages,random,0.59,-0.00047393364928909054
356,fb-messages,random,0.6,-0.00047393364928909054
357,fb-messages,random,0.61,-0.0004212743549236314
358,fb-messages,random,0.62,-0.00047393364928909054
359,fb-messages,random,0.63,-0.00047393364928909054
360,fb-messages,random,0.64,-0.00047393364928909054
361,fb-messages,random,0.65,-0.0004212743549236314
362,fb-messages,random,0.66,-0.00047393364928909054
363,fb-messages,random,0.67,-0.00047393364928909054
364,fb-messages,random,0.68,-0.00047393364928909054
365,fb-messages,random,0.69,-0.00047393364928909054
366,fb-messages,random,0.7,-0.00047393364928909054
367,fb-messages,random,0.71,-0.00047393364928909054
368,fb-messages,random,0.72,-0.00047393364928909054
369,fb-messages,random,0.73,-0.00047393364928909054
370,fb-messages,random,0.74,-0.00047393364928909054
371,fb-messages,random,0.75,-0.00047393364928909054
372,fb-messages,random,0.76,-0.00047393364928909054
373,fb-messages,random,0.77,-0.00047393364928909054
374,fb-messages,random,0.78,-0.00047393364928909054
375,fb-messages,random,0.79,-0.00047393364928909054
376,fb-messages,random,0.8,-0.00047393364928909054
377,fb-messages,random,0.81,-0.00047393364928909054
378,fb-messages,random,0.82,-0.00047393364928909054
379,fb-messages,random,0.83,-0.00047393364928909054
380,fb-messages,random,0.84,-0.00047393364928909054
381,fb-messages,random,0.85,-0.00047393364928909054
382,fb-messages,random,0.86,-0.00047393364928909054
383,fb-messages,random,0.87,-0.00047393364928909054
384,fb-messages,random,0.88,-0.00047393364928909054
385,fb-messages,random,0.89,-0.00047393364928909054
386,fb-messages,random,0.9,-0.00047393364928909054
387,fb-messages,random,0.91,-0.00047393364928909054
388,fb-messages,random,0.92,-0.00047393364928909054
389,fb-messages,random,0.93,-0.00047393364928909054
390,fb-messages,random,0.94,-0.00047393364928909054
391,fb-messages,random,0.95,-0.00047393364928909054
392,fb-messages,random,0.96,-0.00047393364928909054
393,fb-messages,random,0.97,-0.00047393364928909054
394,fb-messages,random,0.98,-0.00047393364928909054
395,fb-messages,random,0.99,-0.00047393364928909054
396,fb-messages,pair,0.01,0.8971563981042653
397,fb-messages,pair,0.02,0.8970510795155345
398,fb-messages,pair,0.03,0.8972617166929963
399,fb-messages,pair,0.04,0.8974723538704582
400,fb-messages,pair,0.05,0.8970510795155345
401,fb-messages,pair,0.06,0.8972617166929963
402,fb-messages,pair,0.07,0.8972617166929963
403,fb-messages,pair,0.08,0.8970510795155345
404,fb-messages,pair,0.09,0.8970510795155345
405,fb-messages,pair,0.1,0.8969457609268036
406,fb-messages,pair,0.11,0.8969457609268036
407,fb-messages,pair,0.12,0.89768299104792
408,fb-messages,pair,0.13,0.8972617166929963
409,fb-messages,pair,0.14,0.8972617166929963
410,fb-messages,pair,0.15,0.8973670352817272
411,fb-messages,pair,0.16,0.8972617166929963
412,fb-messages,pair,0.17,0.8972617166929963
413,fb-messages,pair,0.18,0.8970510795155345
414,fb-messages,pair,0.19,0.8971563981042653
415,fb-messages,pair,0.2,0.8970510795155345
416,fb-messages,pair,0.21,0.8970510795155345
417,fb-messages,pair,0.22,0.8971563981042653
418,fb-messages,pair,0.23,0.8971563981042653
419,fb-messages,pair,0.24,0.8971563981042655
420,fb-messages,pair,0.25,0.8837809373354398
421,fb-messages,pair,0.26,0.884623486045287
422,fb-messages,pair,0.27,0.8849394418114799
423,fb-messages,pair,0.28,0.8840968931016325
424,fb-messages,pair,0.29,0.8840968931016325
425,fb-messages,pair,0.3,0.8859926276987888
426,fb-messages,pair,0.31,0.885308056872038
427,fb-messages,pair,0.32,0.7389152185360717
428,fb-messages,pair,0.33,0.6539231174302265
429,fb-messages,pair,0.34,0.30057925223801996
430,fb-messages,pair,0.35,0.19289099526066353
431,fb-messages,pair,0.36,0.18751974723538703
432,fb-messages,pair,0.37,0.12406529752501316
433,fb-messages,pair,0.38,0.04897314375987363
434,fb-messages,pair,0.39,0.04196945760926804
435,fb-messages,pair,0.4,0.025171142706687744
436,fb-messages,pair,0.41,0.029331226961558682
437,fb-messages,pair,0.42,0.028172722485518692
438,fb-messages,pair,0.43,0.02043180621379674
439,fb-messages,pair,0.44,0.024012638230647712
440,fb-messages,pair,0.45,0.020431806213796713
441,fb-messages,pair,0.46,0.014007372301211157
442,fb-messages,pair,0.47,0.015323854660347552
443,fb-messages,pair,0.48,0.013480779357556594
444,fb-messages,pair,0.49,0.016956292785676647
445,fb-messages,pair,0.5,0.0012638230647709497
446,fb-messages,pair,0.51,0.0007898894154818037
447,fb-messages,pair,0.52,0.0017377567140600125
448,fb-messages,pair,0.53,0.0021063717746182264
449,fb-messages,pair,0.54,0.004054765666140062
450,fb-messages,pair,0.55,0.0023696682464454805
451,fb-messages,pair,0.56,0.0005792522380199949
452,fb-messages,pair,0.57,0.0006845708267509271
453,fb-messages,pair,0.58,-0.00036861506055820004
454,fb-messages,pair,0.59,-0.00042127435492365917
455,fb-messages,pair,0.6,-0.0014218009478673133
456,fb-messages,pair,0.61,-0.001632438125329136
457,fb-messages,pair,0.62,-0.0011058451816745585
458,fb-messages,pair,0.63,-0.001948393891521849
459,fb-messages,pair,0.64,-0.0012638230647709497
460,fb-messages,pair,0.65,-0.001948393891521863
461,fb-messages,pair,0.66,-0.001948393891521863
462,fb-messages,pair,0.67,-0.001948393891521863
463,fb-messages,pair,0.68,-0.002001053185887322
464,fb-messages,pair,0.69,-0.0018430753027909447
465,fb-messages,pair,0.7,-0.002580305423907331
466,fb-messages,pair,0.71,-0.0018957345971564177
467,fb-messages,pair,0.72,-0.0020537124802527673
468,fb-messages,pair,0.73,-0.0018430753027909585
469,fb-messages,pair,0.74,-0.0016850974196945812
470,fb-messages,pair,0.75,-0.0022116903633491447
471,fb-messages,pair,0.76,-0.002211690363349131
472,fb-messages,pair,0.77,-0.001948393891521863
473,fb-messages,pair,0.78,-0.0020537124802527673
474,fb-messages,pair,0.79,-0.002317008952080063
475,fb-messages,pair,0.8,-0.0021063717746182403
476,fb-messages,pair,0.81,-0.0018430753027909447
477,fb-messages,pair,0.82,-0.00263296471827279
478,fb-messages,pair,0.83,-0.0018957345971564038
479,fb-messages,pair,0.84,-0.0021063717746182264
480,fb-messages,pair,0.85,-0.002053712480252781
481,fb-messages,pair,0.86,-0.0021590310689836856
482,fb-messages,pair,0.87,-0.0018957345971564038
483,fb-messages,pair,0.88,-0.002369668246445522
484,fb-messages,pair,0.89,-0.0024749868351764126
485,fb-messages,pair,0.9,-0.0021590310689836856
486,fb-messages,pair,0.91,-0.002264349657714604
487,fb-messages,pair,0.92,-0.002580305423907317
488,fb-messages,pair,0.93,-0.002264349657714604
489,fb-messages,pair,0.94,-0.0020537124802527673
490,fb-messages,pair,0.95,-0.002580305423907331
491,fb-messages,pair,0.96,-0.0025276461295418717
492,fb-messages,pair,0.97,-0.0025276461295418717
493,fb-messages,pair,0.98,-0.0021590310689836856
494,fb-messages,pair,0.99,-0.002317008952080049
495,fb-messages,friend,0.01,0.8973670352817271
496,fb-messages,friend,0.02,0.8974723538704582
497,fb-messages,friend,0.03,0.89768299104792
498,fb-messages,friend,0.04,0.897788309636651
499,fb-messages,friend,0.05,0.8974723538704581
500,fb-messages,friend,0.06,0.8974723538704581
501,fb-messages,friend,0.07,0.8975776724591891
502,fb-messages,friend,0.08,0.8971563981042655
503,fb-messages,friend,0.09,0.8974723538704581
504,fb-messages,friend,0.1,0.8976829910479198
505,fb-messages,friend,0.11,0.8972617166929963
506,fb-messages,friend,0.12,0.8975776724591891
507,fb-messages,friend,0.13,0.8974723538704582
508,fb-messages,friend,0.14,0.8972617166929963
509,fb-messages,friend,0.15,0.8975776724591891
510,fb-messages,friend,0.16,0.8973670352817272
511,fb-messages,friend,0.17,0.8974723538704582
512,fb-messages,friend,0.18,0.8974723538704581
513,fb-messages,friend,0.19,0.8975776724591891
514,fb-messages,friend,0.2,0.8973670352817271
515,fb-messages,friend,0.21,0.8974723538704581
516,fb-messages,friend,0.22,0.8975776724591891
517,fb-messages,friend,0.23,0.8973670352817271
518,fb-messages,friend,0.24,0.89768299104792
519,fb-messages,friend,0.25,0.8858346498156925
520,fb-messages,friend,0.26,0.8855186940494999
521,fb-messages,friend,0.27,0.8857293312269615
522,fb-messages,friend,0.28,0.8860979462875197
523,fb-messages,friend,0.29,0.8866245392311743
524,fb-messages,friend,0.3,0.8859399684044232
525,fb-messages,friend,0.31,0.8847814639283834
526,fb-messages,friend,0.32,0.8852553975776724
527,fb-messages,friend,0.33,0.8855186940494998
528,fb-messages,friend,0.34,0.6861506055818853
529,fb-messages,friend,0.35,0.6867298578199053
530,fb-messages,friend,0.36,0.6862032648762506
531,fb-messages,friend,0.37,0.686835176408636
532,fb-messages,friend,0.38,0.6862032648762506
533,fb-messages,friend,0.39,0.6862559241706161
534,fb-messages,friend,0.4,0.6771458662453924
535,fb-messages,friend,0.41,0.6790942601369142
536,fb-messages,friend,0.42,0.6785676671932597
537,fb-messages,friend,0.43,0.6767772511848342
538,fb-messages,friend,0.44,0.678251711427067
539,fb-messages,friend,0.45,0.5704581358609795
540,fb-messages,friend,0.46,0.41090047393364937
541,fb-messages,friend,0.47,0.22427593470247495
542,fb-messages,friend,0.48,0.1887309110057925
543,fb-messages,friend,0.49,0.16824644549763026
544,fb-messages,friend,0.5,0.0459189046866772
545,fb-messages,friend,0.51,0.057082675092153756
546,fb-messages,friend,0.52,0.042548709847288035
547,fb-messages,friend,0.53,0.03554502369668247
548,fb-messages,friend,0.54,0.03670352817272249
549,fb-messages,friend,0.55,0.03733543970510794
550,fb-messages,friend,0.56,0.03027909426013689
551,fb-messages,friend,0.57,0.026856240126382297
552,fb-messages,friend,0.58,0.023328067403896757
553,fb-messages,friend,0.59,0.026487625065824083
554,fb-messages,friend,0.6,0.011111111111111113
555,fb-messages,friend,0.61,0.0107424960505529
556,fb-messages,friend,0.62,0.008478146392838323
557,fb-messages,friend,0.63,0.008583464981569255
558,fb-messages,friend,0.64,0.007688256977356478
559,fb-messages,friend,0.65,0.007109004739336511
560,fb-messages,friend,0.66,0.006845708267509201
561,fb-messages,friend,0.67,0.0028436018957345988
562,fb-messages,friend,0.68,0.0027382833070036666
563,fb-messages,friend,0.69,0.0020537124802527673
564,fb-messages,friend,0.7,0.0016324381253290943
565,fb-messages,friend,0.71,0.001579778830963649
566,fb-messages,friend,0.72,0.00036861506055818616
567,fb-messages,friend,0.73,0.0005792522380200227
568,fb-messages,friend,0.74,-0.00010531858873091826
569,fb-messages,friend,0.75,-0.0002632964718272679
570,fb-messages,friend,0.76,-0.00047393364928909054
571,fb-messages,friend,0.77,-0.00031595576619272703
572,fb-messages,friend,0.78,-0.0004212743549236314
573,fb-messages,friend,0.79,-0.00036861506055818616
574,fb-messages,friend,0.8,-0.0004212743549236314
575,fb-messages,friend,0.81,-0.00047393364928909054
576,fb-messages,friend,0.82,-0.00047393364928909054
577,fb-messages,friend,0.83,-0.00047393364928909054
578,fb-messages,friend,0.84,-0.00047393364928909054
579,fb-messages,friend,0.85,-0.00047393364928909054
580,fb-messages,friend,0.86,-0.00047393364928909054
581,fb-messages,friend,0.87,-0.00047393364928909054
582,fb-messages,friend,0.88,-0.00047393364928909054
583,fb-messages,friend,0.89,-0.00047393364928909054
584,fb-messages,friend,0.9,-0.00047393364928909054
585,fb-messages,friend,0.91,-0.00047393364928909054
586,fb-messages,friend,0.92,-0.00047393364928909054
587,fb-messages,friend,0.93,-0.00047393364928909054
588,fb-messages,friend,0.94,-0.00047393364928909054
589,fb-messages,friend,0.95,-0.00047393364928909054
590,fb-messages,friend,0.96,-0.00047393364928909054
591,fb-messages,friend,0.97,-0.00047393364928909054
592,fb-messages,friend,0.98,-0.00047393364928909054
593,fb-messages,friend,0.99,-0.00047393364928909054
