,times,seeding,Vil60 N=356,Vil59 N=329,Vil52 N=327,Vil71 N=298,Vil65 N=297,contacts-prox-high-school-2013 N=327,inf-euroroad N=1174,bt.csv N=692,swingers N=96,Karate N=34,kor.2015.mers.1.00 N=186,uni_email N=1133,contacts-prox-high-school-2013-attr N=327,sgp.2003.sars.1.00 N=172,law_firm N=71,fb-messages N=1899,soc-hamsterster N=2426,webkb-wisc N=265,usa.2020.covid.6.00 N=92,primary-school-proximity N=242,KKI N=2238,infect-hyper N=113,infect-dublin N=410,fb_friends.csv N=800,high_tech_company N=21,usa.2009.flu.1.00 N=286,soc-firm-hi-tech N=33,physician_trust N=241,7th_graders N=29,aves-weaver-social N=445,kidnappings N=351,email_company N=167,moreno_taro N=22
0,0,friend,0.047752808988764016,0.0486322188449848,0.048929663608562705,0.0469798657718121,0.04713804713804714,0.048929663608562705,0.0494037478705281,0.04913294797687858,0.041666666666666664,0.029411764705882356,0.048387096774193526,0.049426301853486336,0.048929663608562705,0.04651162790697675,0.04225352112676053,0.049499736703528155,0.04987633965375101,0.0490566037735849,0.043478260869565195,0.04958677685950417,0.04959785522788202,0.04424778761061947,0.04878048780487807,0.050000000000000024,0.04761904761904765,0.04895104895104895,0.030303030303030283,0.049792531120331975,0.03448275862068964,0.049438202247191025,0.048433048433048416,0.04790419161676646,0.045454545454545435
1,1,friend,0.07724719101123595,0.06666666666666668,0.07054026503567787,0.06498881431767338,0.06498316498316498,0.04923547400611623,0.11127200454287339,0.05067437379576108,0.10416666666666669,0.09509803921568628,0.4836917562724014,0.0823477493380406,0.04923547400611621,0.3701550387596899,0.04225352112676053,0.0773916096190978,0.07819455894476504,0.24716981132075475,0.4130434782608697,0.04958677685950417,0.08506106642835864,0.045132743362831865,0.056422764227642315,0.05733333333333335,0.04761904761904765,0.10710955710955712,0.039393939393939384,0.05905947441217151,0.03448275862068964,0.06734082397003745,0.24235517568850903,0.06447105788423153,0.045454545454545435
2,2,friend,0.08857677902621722,0.07386018237082068,0.07838939857288484,0.0710290827740492,0.07205387205387205,0.04923547400611623,0.1459965928449745,0.05130057803468209,0.1333333333333333,0.12058823529411763,0.6643369175627238,0.09538099441012061,0.04933741080530072,0.4990310077519379,0.04225352112676053,0.08783570300157975,0.09080791426215992,0.3470440251572327,0.5858695652173913,0.04958677685950417,0.10656836461126008,0.04542772861356933,0.05918699186991873,0.060541666666666695,0.04761904761904765,0.13694638694638697,0.04747474747474746,0.062378976486860305,0.03448275862068964,0.07520599250936327,0.32165242165242164,0.07205588822355288,0.045454545454545435
3,3,friend,0.09250936329588012,0.07588652482269502,0.08134556574923552,0.07348993288590602,0.07407407407407408,0.04923547400611623,0.1663543441226576,0.05154142581888247,0.14548611111111112,0.14019607843137255,0.736559139784946,0.10076493086201825,0.04933741080530072,0.5500000000000002,0.04225352112676053,0.09211865894330347,0.09609782907392139,0.4007547169811321,0.6601449275362318,0.04958677685950417,0.1196753053321418,0.04542772861356933,0.060487804878048806,0.06170833333333334,0.04761904761904765,0.1493006993006993,0.04848484848484847,0.06390041493775935,0.03448275862068964,0.0805243445692884,0.3577397910731243,0.07425149700598802,0.045454545454545435
4,4,friend,0.0938202247191011,0.0779128672745694,0.0830784913353721,0.07427293064876955,0.07463524130190798,0.04923547400611623,0.17958546280522428,0.05163776493256263,0.15208333333333338,0.15196078431372545,0.7632616487455197,0.10323624595469255,0.04933741080530072,0.5720930232558139,0.04225352112676053,0.09369843777426716,0.0983511953833471,0.43295597484276727,0.693478260869565,0.04958677685950417,0.1271969019958296,0.04542772861356933,0.06097560975609759,0.06191666666666668,0.04761904761904765,0.15687645687645688,0.04949494949494948,0.06459197786998618,0.03448275862068964,0.08344569288389513,0.37739791073124407,0.0748502994011976,0.045454545454545435
5,5,friend,0.09400749063670412,0.07841945288753799,0.0834862385321101,0.07472035794183444,0.07508417508417509,0.04923547400611623,0.18869960249858037,0.051685934489402695,0.15694444444444447,0.16078431372549018,0.7738351254480288,0.10423654015887025,0.04933741080530072,0.5815891472868217,0.04225352112676053,0.09461119887660173,0.09951909865347622,0.45358490566037746,0.702173913043478,0.04958677685950417,0.1322609472743521,0.04542772861356933,0.0613008130081301,0.062083333333333345,0.04761904761904765,0.15944055944055943,0.04949494949494948,0.06500691562932227,0.03448275862068964,0.08479400749063672,0.38774928774928774,0.07504990019960078,0.045454545454545435
6,6,friend,0.0942883895131086,0.07841945288753799,0.08369011213047911,0.07494407158836688,0.07519640852974187,0.04923547400611623,0.19454855195911414,0.051685934489402695,0.1576388888888889,0.1715686274509804,0.7784946236559139,0.10467784642541926,0.04933741080530072,0.5848837209302326,0.04225352112676053,0.09496226083903808,0.09991755976916736,0.46628930817610065,0.7068840579710145,0.04958677685950417,0.13543342269883824,0.04542772861356933,0.061382113821138236,0.06212500000000001,0.04761904761904765,0.1613053613053613,0.04949494949494948,0.06500691562932227,0.03448275862068964,0.08599250936329589,0.3928774928774929,0.07504990019960078,0.045454545454545435
7,7,friend,0.09438202247191009,0.07852077001013172,0.08369011213047911,0.0750559284116331,0.07519640852974187,0.04923547400611623,0.19846678023850092,0.051685934489402695,0.16319444444444445,0.1715686274509804,0.7802867383512544,0.10482494851426893,0.04933741080530072,0.5858527131782945,0.04225352112676053,0.09513779182025627,0.10024732069249793,0.4762264150943397,0.7090579710144929,0.04958677685950417,0.13725052129877865,0.04542772861356933,0.061544715447154494,0.06212500000000001,0.04761904761904765,0.1621212121212121,0.05050505050505049,0.06500691562932227,0.03448275862068964,0.08644194756554308,0.39696106362773026,0.07504990019960078,0.045454545454545435
8,8,friend,0.09438202247191009,0.07862208713272544,0.08369011213047911,0.0750559284116331,0.07519640852974187,0.04923547400611623,0.201419647927314,0.051685934489402695,0.16666666666666666,0.1735294117647059,0.7813620071684587,0.10503089143865844,0.04933741080530072,0.5866279069767442,0.04225352112676053,0.09519045111462172,0.10048090134652378,0.4831446540880504,0.7090579710144929,0.04958677685950417,0.13857610962168604,0.04542772861356933,0.061544715447154494,0.06212500000000001,0.04761904761904765,0.16258741258741258,0.05050505050505049,0.06500691562932227,0.03448275862068964,0.08674157303370787,0.39990503323836657,0.07504990019960078,0.045454545454545435
9,9,friend,0.09438202247191009,0.07862208713272544,0.08379204892966362,0.07516778523489932,0.07519640852974187,0.04923547400611623,0.20366269165247017,0.051685934489402695,0.1684027777777778,0.1735294117647059,0.782078853046595,0.1053545160341277,0.04933741080530072,0.5866279069767442,0.04225352112676053,0.09519045111462172,0.1005358615004122,0.48805031446540886,0.7090579710144929,0.04958677685950417,0.13933571641346437,0.04542772861356933,0.061544715447154494,0.06212500000000001,0.04761904761904765,0.16258741258741258,0.05050505050505049,0.06500691562932227,0.03448275862068964,0.08674157303370787,0.4028490028490028,0.07504990019960078,0.045454545454545435
10,10,friend,0.09438202247191009,0.07862208713272544,0.08379204892966362,0.07516778523489932,0.07519640852974187,0.04923547400611623,0.20590573537762635,0.051685934489402695,0.16909722222222223,0.1735294117647059,0.782078853046595,0.10558987937628715,0.04933741080530072,0.5866279069767442,0.04225352112676053,0.09519045111462172,0.10067326188513331,0.49182389937106924,0.7097826086956522,0.04958677685950417,0.14003574620196607,0.04542772861356933,0.061544715447154494,0.06212500000000001,0.04761904761904765,0.16293706293706292,0.05050505050505049,0.06500691562932227,0.03448275862068964,0.08674157303370787,0.4042735042735044,0.07504990019960078,0.045454545454545435
11,11,friend,0.09438202247191009,0.07862208713272544,0.08379204892966362,0.07516778523489932,0.07519640852974187,0.04923547400611623,0.20712663259511643,0.051685934489402695,0.17083333333333334,0.1735294117647059,0.782078853046595,0.10561929979405708,0.04933741080530072,0.5866279069767442,0.04225352112676053,0.09519045111462172,0.10068700192360541,0.4939622641509434,0.7097826086956522,0.04958677685950417,0.14048257372654155,0.04542772861356933,0.061544715447154494,0.06212500000000001,0.04761904761904765,0.16317016317016317,0.05050505050505049,0.06500691562932227,0.03448275862068964,0.08674157303370787,0.40512820512820513,0.07504990019960078,0.045454545454545435
12,12,friend,0.09438202247191009,0.07862208713272544,0.08379204892966362,0.07516778523489932,0.07519640852974187,0.04923547400611623,0.20809199318569,0.051685934489402695,0.17118055555555556,0.1735294117647059,0.782078853046595,0.10567814062959696,0.04933741080530072,0.5866279069767442,0.04225352112676053,0.09519045111462172,0.10068700192360541,0.4955974842767296,0.7097826086956522,0.04958677685950417,0.14081024724456356,0.04542772861356933,0.061544715447154494,0.06212500000000001,0.04761904761904765,0.16317016317016317,0.05050505050505049,0.06500691562932227,0.03448275862068964,0.08674157303370787,0.405318138651472,0.07504990019960078,0.045454545454545435
13,13,friend,0.09438202247191009,0.07862208713272544,0.08379204892966362,0.07516778523489932,0.07519640852974187,0.04923547400611623,0.208801817149347,0.051685934489402695,0.171875,0.1735294117647059,0.782078853046595,0.10573698146513683,0.04933741080530072,0.5866279069767442,0.04225352112676053,0.09519045111462172,0.1007007419620775,0.49597484276729564,0.7097826086956522,0.04958677685950417,0.14106344950848973,0.04542772861356933,0.061544715447154494,0.06212500000000001,0.04761904761904765,0.16317016317016317,0.05050505050505049,0.06500691562932227,0.03448275862068964,0.08674157303370787,0.40560303893637234,0.07504990019960078,0.045454545454545435
14,14,friend,0.09438202247191009,0.07862208713272544,0.08379204892966362,0.07516778523489932,0.07519640852974187,0.04923547400611623,0.2093412833617263,0.051685934489402695,0.17222222222222222,0.1735294117647059,0.782078853046595,0.10573698146513683,0.04933741080530072,0.5866279069767442,0.04225352112676053,0.09519045111462172,0.1007007419620775,0.49635220125786167,0.7097826086956522,0.04958677685950417,0.14112302651176645,0.04542772861356933,0.061544715447154494,0.06212500000000001,0.04761904761904765,0.16317016317016317,0.05050505050505049,0.06500691562932227,0.03448275862068964,0.08674157303370787,0.40598290598290604,0.07504990019960078,0.045454545454545435
15,15,friend,0.09438202247191009,0.07862208713272544,0.08379204892966362,0.07516778523489932,0.07519640852974187,0.04923547400611623,0.20976717773992049,0.051685934489402695,0.17222222222222222,0.1735294117647059,0.782078853046595,0.10576640188290676,0.04933741080530072,0.5866279069767442,0.04225352112676053,0.09519045111462172,0.10071448200054961,0.4964779874213836,0.7097826086956522,0.04958677685950417,0.14118260351504322,0.04542772861356933,0.061544715447154494,0.06212500000000001,0.04761904761904765,0.16317016317016317,0.05050505050505049,0.06500691562932227,0.03448275862068964,0.08674157303370787,0.40598290598290604,0.07504990019960078,0.045454545454545435
16,16,friend,0.09438202247191009,0.07862208713272544,0.08379204892966362,0.07516778523489932,0.07519640852974187,0.04923547400611623,0.21007950028392958,0.051685934489402695,0.17291666666666666,0.1735294117647059,0.782078853046595,0.10579582230067669,0.04933741080530072,0.5866279069767442,0.04225352112676053,0.09519045111462172,0.10071448200054961,0.4964779874213836,0.7097826086956522,0.04958677685950417,0.14122728626750075,0.04542772861356933,0.061544715447154494,0.06212500000000001,0.04761904761904765,0.16317016317016317,0.05050505050505049,0.06500691562932227,0.03448275862068964,0.08674157303370787,0.40598290598290604,0.07504990019960078,0.045454545454545435
17,17,friend,0.09438202247191009,0.07862208713272544,0.08379204892966362,0.07516778523489932,0.07519640852974187,0.04923547400611623,0.2103350369108461,0.051685934489402695,0.17291666666666666,0.1735294117647059,0.782078853046595,0.10588408355398649,0.04933741080530072,0.5866279069767442,0.04225352112676053,0.09519045111462172,0.10071448200054961,0.4964779874213836,0.7097826086956522,0.04958677685950417,0.14122728626750075,0.04542772861356933,0.061544715447154494,0.06212500000000001,0.04761904761904765,0.16317016317016317,0.05050505050505049,0.06500691562932227,0.03448275862068964,0.08674157303370787,0.40617283950617283,0.07504990019960078,0.045454545454545435
18,18,friend,0.09438202247191009,0.07862208713272544,0.08379204892966362,0.07516778523489932,0.07519640852974187,0.04923547400611623,0.21056218057921633,0.051685934489402695,0.17291666666666666,0.1735294117647059,0.782078853046595,0.10591350397175642,0.04933741080530072,0.5866279069767442,0.04225352112676053,0.09519045111462172,0.10071448200054961,0.4964779874213836,0.7097826086956522,0.04958677685950417,0.14122728626750075,0.04542772861356933,0.061544715447154494,0.06212500000000001,0.04761904761904765,0.16317016317016317,0.05050505050505049,0.06500691562932227,0.03448275862068964,0.08674157303370787,0.40617283950617283,0.07504990019960078,0.045454545454545435
19,19,friend,0.09438202247191009,0.07862208713272544,0.08379204892966362,0.07516778523489932,0.07519640852974187,0.04923547400611623,0.21087450312322542,0.051685934489402695,0.17291666666666666,0.1735294117647059,0.782078853046595,0.10594292438952636,0.04933741080530072,0.5866279069767442,0.04225352112676053,0.09519045111462172,0.10071448200054961,0.4964779874213836,0.7097826086956522,0.04958677685950417,0.14122728626750075,0.04542772861356933,0.061544715447154494,0.06212500000000001,0.04761904761904765,0.16317016317016317,0.05050505050505049,0.06500691562932227,0.03448275862068964,0.08674157303370787,0.4062678062678063,0.07504990019960078,0.045454545454545435
20,20,friend,0.09438202247191009,0.07862208713272544,0.08379204892966362,0.07516778523489932,0.07519640852974187,0.04923547400611623,0.21087450312322542,0.051685934489402695,0.17291666666666666,0.1735294117647059,0.782078853046595,0.10594292438952636,0.04933741080530072,0.5866279069767442,0.04225352112676053,0.09519045111462172,0.10071448200054961,0.4964779874213836,0.7097826086956522,0.04958677685950417,0.14122728626750075,0.04542772861356933,0.061544715447154494,0.06212500000000001,0.04761904761904765,0.16317016317016317,0.05050505050505049,0.06500691562932227,0.03448275862068964,0.08674157303370787,0.4062678062678063,0.07504990019960078,0.045454545454545435
21,0,pair,0.04494382022471912,0.0486322188449848,0.048929663608562705,0.0469798657718121,0.04713804713804714,0.048929663608562705,0.0494037478705281,0.04913294797687858,0.041666666666666664,0.0,0.043010752688172026,0.049426301853486336,0.048929663608562705,0.04651162790697675,0.02816901408450703,0.0492364402317009,0.04946413849958777,0.045157232704402514,0.043478260869565195,0.04958677685950417,0.0491510277033065,0.0353982300884956,0.04878048780487807,0.050000000000000024,0.0,0.04895104895104895,0.0,0.049792531120331975,0.0,0.049438202247191025,0.04558404558404557,0.04790419161676646,0.0
22,1,pair,0.06114232209737828,0.05876393110435664,0.05881753312945972,0.05313199105145414,0.056228956228956226,0.04923547400611621,0.0798693923906871,0.050144508670520206,0.07395833333333333,0.0,0.23530465949820784,0.06601941747572816,0.04933741080530073,0.2174418604651163,0.02816901408450703,0.05392311743022645,0.06345149766419346,0.1305660377358491,0.2815217391304347,0.04958677685950417,0.07246053023532917,0.035693215339233066,0.05520325203252036,0.054999999999999986,0.0,0.07214452214452215,0.0,0.055601659751037355,0.0,0.06711610486891387,0.13808167141500474,0.056087824351297416,0.0
23,2,pair,0.06769662921348316,0.0636271529888551,0.06238532110091744,0.05514541387024609,0.05937149270482604,0.04923547400611621,0.09946053378762067,0.05028901734104044,0.08819444444444445,0.0,0.3155913978494624,0.07272727272727272,0.049439347604485234,0.28798449612403104,0.02816901408450703,0.05555555555555555,0.06907117339928552,0.17257861635220131,0.38804347826086955,0.04958677685950417,0.08678879952338399,0.035693215339233066,0.057479674796748,0.057541666666666685,0.0,0.08298368298368299,0.0,0.05919778699861688,0.0,0.07820224719101125,0.17388414055080725,0.06027944111776448,0.0
24,3,pair,0.0706928838951311,0.06534954407294831,0.06422018348623854,0.0563758389261745,0.06071829405162739,0.04923547400611621,0.11098807495741059,0.050433526011560675,0.09444444444444448,0.0,0.3467741935483872,0.07528684907325685,0.049439347604485234,0.3189922480620155,0.02816901408450703,0.05624012638230647,0.07142071997801594,0.19358490566037737,0.4344202898550723,0.04958677685950417,0.09553172475424486,0.035693215339233066,0.05837398373983744,0.05829166666666668,0.0,0.08974358974358974,0.0,0.06044260027662518,0.0,0.08426966292134833,0.1890788224121557,0.06167664670658683,0.0
25,4,pair,0.07134831460674157,0.06565349544072947,0.06452599388379206,0.05659955257270695,0.06105499438832773,0.04923547400611621,0.11822827938671211,0.05048169556840076,0.10000000000000003,0.0,0.360215053763441,0.07622830244189467,0.049439347604485234,0.33178294573643397,0.02816901408450703,0.05653852905037738,0.0725886232481451,0.20276729559748435,0.4557971014492752,0.04958677685950417,0.10145963658028004,0.035693215339233066,0.05902439024390248,0.05866666666666667,0.0,0.09370629370629373,0.0,0.06085753803596128,0.0,0.08921348314606742,0.19639126305792975,0.06247504990019961,0.0
26,5,pair,0.07144194756554306,0.06575481256332319,0.06493374108053009,0.05704697986577182,0.061167227833894514,0.04923547400611621,0.12291311754684837,0.05048169556840076,0.10208333333333336,0.0,0.3652329749103943,0.07678729037952339,0.049439347604485234,0.33662790697674416,0.02816901408450703,0.05666140073723012,0.0733031052486947,0.21094339622641511,0.46050724637681145,0.04958677685950417,0.1055853440571939,0.035693215339233066,0.059674796747967516,0.05900000000000001,0.0,0.09440559440559441,0.0,0.060995850622406644,0.0,0.09235955056179776,0.2018043684710351,0.062874251497006,0.0
27,6,pair,0.07172284644194755,0.06575481256332319,0.0652395514780836,0.05704697986577182,0.061167227833894514,0.04923547400611621,0.12629187961385574,0.05052986512524084,0.10208333333333336,0.0,0.36648745519713266,0.07699323330391292,0.049439347604485234,0.3397286821705426,0.02816901408450703,0.05674916622783921,0.07360538609508106,0.21597484276729562,0.464855072463768,0.04958677685950417,0.10807268394399763,0.035693215339233066,0.05983739837398378,0.05908333333333334,0.0,0.09487179487179488,0.0,0.060995850622406644,0.0,0.09355805243445693,0.2050332383665717,0.062874251497006,0.0
28,7,pair,0.07172284644194755,0.0658561296859169,0.06554536187563711,0.05704697986577182,0.061167227833894514,0.04923547400611621,0.12859170925610447,0.05052986512524084,0.10208333333333336,0.0,0.36648745519713266,0.07708149455722273,0.049439347604485234,0.3403100775193798,0.02816901408450703,0.056784272424082835,0.07379774663369057,0.21798742138364782,0.46594202898550713,0.04958677685950417,0.10987488829311884,0.035693215339233066,0.06000000000000004,0.05908333333333334,0.0,0.09533799533799535,0.0,0.060995850622406644,0.0,0.09453183520599251,0.20664767331433995,0.062874251497006,0.0
29,8,pair,0.07172284644194755,0.0658561296859169,0.06554536187563711,0.05704697986577182,0.061167227833894514,0.04923547400611621,0.1298977853492334,0.05052986512524084,0.10208333333333336,0.0,0.3670250896057348,0.07711091497499266,0.049439347604485234,0.34050387596899223,0.02816901408450703,0.05681937862032648,0.0738252267106348,0.22025157232704404,0.4663043478260869,0.04958677685950417,0.11070896633899316,0.035693215339233066,0.0601626016260163,0.059125000000000004,0.0,0.0956876456876457,0.0,0.060995850622406644,0.0,0.09550561797752809,0.20769230769230768,0.062874251497006,0.0
30,9,pair,0.07172284644194755,0.0658561296859169,0.06554536187563711,0.05704697986577182,0.061167227833894514,0.04923547400611621,0.1311186825667235,0.05052986512524084,0.10243055555555558,0.0,0.36720430107526886,0.07714033539276259,0.049439347604485234,0.34050387596899223,0.02816901408450703,0.05681937862032648,0.0738801868645232,0.22238993710691826,0.4663043478260869,0.04958677685950417,0.11118558236520701,0.035693215339233066,0.0601626016260163,0.059125000000000004,0.0,0.09592074592074593,0.0,0.060995850622406644,0.0,0.09662921348314607,0.20816714150047483,0.062874251497006,0.0
31,10,pair,0.07172284644194755,0.0658561296859169,0.06554536187563711,0.05704697986577182,0.061167227833894514,0.04923547400611621,0.1317717206132879,0.05052986512524084,0.10243055555555558,0.0,0.36720430107526886,0.07716975581053251,0.049439347604485234,0.34050387596899223,0.02816901408450703,0.05681937862032648,0.07389392690299532,0.22339622641509435,0.4663043478260869,0.04958677685950417,0.11160262138814418,0.035693215339233066,0.0601626016260163,0.05916666666666667,0.0,0.09592074592074593,0.0,0.060995850622406644,0.0,0.09730337078651687,0.20835707502374165,0.062874251497006,0.0
32,11,pair,0.07172284644194755,0.0658561296859169,0.06554536187563711,0.05704697986577182,0.061167227833894514,0.04923547400611621,0.13211243611584328,0.05052986512524084,0.10243055555555558,0.0,0.36720430107526886,0.07719917622830245,0.049439347604485234,0.34050387596899223,0.02816901408450703,0.05681937862032648,0.07390766694146741,0.2238993710691824,0.46666666666666656,0.04958677685950417,0.11170688114387843,0.035693215339233066,0.0601626016260163,0.05916666666666667,0.0,0.09592074592074593,0.0,0.060995850622406644,0.0,0.09752808988764045,0.2089268755935422,0.062874251497006,0.0
33,12,pair,0.07172284644194755,0.0658561296859169,0.06554536187563711,0.05704697986577182,0.061167227833894514,0.04923547400611621,0.13259511641113,0.05052986512524084,0.10243055555555558,0.0,0.36720430107526886,0.07719917622830245,0.049439347604485234,0.34050387596899223,0.02816901408450703,0.05681937862032648,0.07392140697993953,0.22427672955974845,0.4670289855072463,0.04958677685950417,0.11179624664879355,0.035693215339233066,0.0601626016260163,0.05916666666666667,0.0,0.09592074592074593,0.0,0.060995850622406644,0.0,0.09775280898876405,0.20940170940170938,0.062874251497006,0.0
34,13,pair,0.07172284644194755,0.0658561296859169,0.06554536187563711,0.05704697986577182,0.061167227833894514,0.04923547400611621,0.13290743895513912,0.05052986512524084,0.10243055555555558,0.0,0.36720430107526886,0.07719917622830245,0.049439347604485234,0.34050387596899223,0.02816901408450703,0.05681937862032648,0.07393514701841163,0.22440251572327044,0.4670289855072463,0.04958677685950417,0.11185582365207028,0.035693215339233066,0.0601626016260163,0.05916666666666667,0.0,0.09592074592074593,0.0,0.060995850622406644,0.0,0.09850187265917604,0.20959164292497626,0.062874251497006,0.0
35,14,pair,0.07172284644194755,0.0658561296859169,0.06554536187563711,0.05704697986577182,0.061167227833894514,0.04923547400611621,0.13299261783077798,0.05052986512524084,0.10243055555555558,0.0,0.36720430107526886,0.07719917622830245,0.049439347604485234,0.34050387596899223,0.02816901408450703,0.05681937862032648,0.07394888705688375,0.22452830188679246,0.4670289855072463,0.04958677685950417,0.11191540065534701,0.035693215339233066,0.0601626016260163,0.05916666666666667,0.0,0.09592074592074593,0.0,0.060995850622406644,0.0,0.09887640449438202,0.20968660968660965,0.062874251497006,0.0
36,15,pair,0.07172284644194755,0.0658561296859169,0.06554536187563711,0.05704697986577182,0.061167227833894514,0.04923547400611621,0.13316297558205567,0.05052986512524084,0.10243055555555558,0.0,0.36720430107526886,0.07719917622830245,0.049439347604485234,0.34050387596899223,0.02816901408450703,0.05681937862032648,0.07394888705688375,0.22452830188679246,0.4670289855072463,0.04958677685950417,0.11193029490616618,0.035693215339233066,0.0601626016260163,0.05916666666666667,0.0,0.09592074592074593,0.0,0.060995850622406644,0.0,0.09887640449438202,0.20978157644824305,0.062874251497006,0.0
37,16,pair,0.07172284644194755,0.0658561296859169,0.06554536187563711,0.05704697986577182,0.061167227833894514,0.04923547400611621,0.13330494037478707,0.05052986512524084,0.10243055555555558,0.0,0.36720430107526886,0.07719917622830245,0.049439347604485234,0.34050387596899223,0.02816901408450703,0.05681937862032648,0.07394888705688375,0.22452830188679246,0.4670289855072463,0.04958677685950417,0.11193029490616618,0.035693215339233066,0.0601626016260163,0.05916666666666667,0.0,0.09592074592074593,0.0,0.060995850622406644,0.0,0.09910112359550564,0.20978157644824305,0.062874251497006,0.0
38,17,pair,0.07172284644194755,0.0658561296859169,0.06554536187563711,0.05704697986577182,0.061167227833894514,0.04923547400611621,0.13333333333333333,0.05052986512524084,0.10243055555555558,0.0,0.36720430107526886,0.07719917622830245,0.049439347604485234,0.34050387596899223,0.02816901408450703,0.05681937862032648,0.07394888705688375,0.22452830188679246,0.4670289855072463,0.04958677685950417,0.11196008340780456,0.035693215339233066,0.0601626016260163,0.05916666666666667,0.0,0.09592074592074593,0.0,0.060995850622406644,0.0,0.09917602996254683,0.20978157644824305,0.062874251497006,0.0
39,18,pair,0.07172284644194755,0.0658561296859169,0.06554536187563711,0.05704697986577182,0.061167227833894514,0.04923547400611621,0.13333333333333333,0.05052986512524084,0.10243055555555558,0.0,0.36720430107526886,0.07719917622830245,0.049439347604485234,0.34050387596899223,0.02816901408450703,0.05681937862032648,0.07396262709535587,0.22452830188679246,0.4670289855072463,0.04958677685950417,0.11196008340780456,0.035693215339233066,0.0601626016260163,0.05916666666666667,0.0,0.09592074592074593,0.0,0.060995850622406644,0.0,0.09925093632958802,0.20978157644824305,0.062874251497006,0.0
40,19,pair,0.07172284644194755,0.0658561296859169,0.06554536187563711,0.05704697986577182,0.061167227833894514,0.04923547400611621,0.13336172629187962,0.05052986512524084,0.10243055555555558,0.0,0.36720430107526886,0.07719917622830245,0.049439347604485234,0.34050387596899223,0.02816901408450703,0.05681937862032648,0.07396262709535587,0.22452830188679246,0.4670289855072463,0.04958677685950417,0.11198987190944293,0.035693215339233066,0.0601626016260163,0.05916666666666667,0.0,0.09592074592074593,0.0,0.060995850622406644,0.0,0.09925093632958802,0.20978157644824305,0.062874251497006,0.0
41,20,pair,0.07172284644194755,0.0658561296859169,0.06554536187563711,0.05704697986577182,0.061167227833894514,0.04923547400611621,0.13336172629187962,0.05052986512524084,0.10243055555555558,0.0,0.36720430107526886,0.07719917622830245,0.049439347604485234,0.34050387596899223,0.02816901408450703,0.05681937862032648,0.07396262709535587,0.22452830188679246,0.4670289855072463,0.04958677685950417,0.11198987190944293,0.035693215339233066,0.0601626016260163,0.05916666666666667,0.0,0.09592074592074593,0.0,0.060995850622406644,0.0,0.09925093632958802,0.20978157644824305,0.062874251497006,0.0
42,0,random,0.047752808988764016,0.0486322188449848,0.048929663608562705,0.0469798657718121,0.04713804713804714,0.048929663608562705,0.0494037478705281,0.04913294797687858,0.041666666666666664,0.029411764705882356,0.048387096774193526,0.049426301853486336,0.048929663608562705,0.04651162790697675,0.04225352112676053,0.049499736703528155,0.04987633965375101,0.0490566037735849,0.043478260869565195,0.04958677685950417,0.04959785522788202,0.04424778761061947,0.04878048780487807,0.050000000000000024,0.04761904761904765,0.04895104895104895,0.030303030303030283,0.049792531120331975,0.03448275862068964,0.049438202247191025,0.048433048433048416,0.04790419161676646,0.045454545454545435
43,1,random,0.05599250936329589,0.05511651469098277,0.05484199796126402,0.05223713646532439,0.051402918069584747,0.04903160040774721,0.09551391254968768,0.05,0.05763888888888889,0.03921568627450978,0.06505376344086018,0.060576640188290676,0.04933741080530072,0.07945736434108529,0.04225352112676053,0.04971037388098998,0.061211871393239914,0.0660377358490566,0.10579710144927536,0.04958677685950417,0.07448614834673815,0.04424778761061947,0.052439024390243935,0.05308333333333334,0.04761904761904765,0.08356643356643358,0.03535353535353534,0.054080221300138336,0.03448275862068964,0.05977528089887641,0.07692307692307693,0.055089820359281436,0.045454545454545435
44,2,random,0.05908239700374532,0.058459979736575476,0.057492354740061154,0.05357941834451903,0.05342312008978677,0.04923547400611621,0.1246450880181715,0.050048169556840084,0.06319444444444443,0.04803921568627447,0.0704301075268817,0.06537216828478964,0.04933741080530072,0.09224806201550392,0.04225352112676053,0.04972792697911179,0.06563616378125858,0.07283018867924528,0.13550724637681155,0.04958677685950417,0.08774203157581172,0.04424778761061947,0.0542276422764228,0.05445833333333332,0.04761904761904765,0.10407925407925407,0.03939393939393938,0.05643153526970956,0.03448275862068964,0.0640449438202247,0.08869895536562206,0.057085828343313376,0.045454545454545435
45,3,random,0.05983146067415731,0.05987841945288752,0.05790010193679918,0.05425055928411634,0.054096520763187446,0.04923547400611621,0.14381033503691085,0.050144508670520234,0.06770833333333333,0.04901960784313721,0.0732974910394265,0.06716681376875552,0.04933741080530072,0.09670542635658919,0.04225352112676053,0.04974548007723361,0.067477328936521,0.07622641509433964,0.14782608695652172,0.04958677685950417,0.09654453380994936,0.04424778761061947,0.05479674796747971,0.05504166666666666,0.04761904761904765,0.11398601398601402,0.03939393939393938,0.05698478561549102,0.03448275862068964,0.06659176029962546,0.09439696106362772,0.05808383233532935,0.045454545454545435
46,4,random,0.0602996254681648,0.06048632218844983,0.05830784913353721,0.05458612975391499,0.054096520763187446,0.04923547400611621,0.15491198182850655,0.05024084778420038,0.06875,0.051960784313725444,0.07383512544802866,0.06772580170638423,0.04933741080530072,0.10077519379844965,0.04225352112676053,0.04976303317535544,0.0683154712833196,0.07849056603773587,0.1518115942028985,0.04958677685950417,0.10181709859994044,0.04424778761061947,0.05487804878048784,0.055375,0.04761904761904765,0.11888111888111888,0.03939393939393938,0.05739972337482712,0.03448275862068964,0.06823970037453184,0.09743589743589744,0.05808383233532935,0.045454545454545435
47,5,random,0.060767790262172286,0.06079027355623099,0.058511722731906225,0.05458612975391499,0.054096520763187446,0.04923547400611621,0.1616978989210676,0.05028901734104045,0.06909722222222221,0.052941176470588186,0.0740143369175627,0.06784348337746396,0.04933741080530072,0.10155038759689927,0.04225352112676053,0.04976303317535544,0.06861775212970596,0.07924528301886792,0.1547101449275362,0.04958677685950417,0.10500446827524576,0.04424778761061947,0.05487804878048784,0.05554166666666667,0.04761904761904765,0.12097902097902098,0.03939393939393938,0.05767634854771785,0.03448275862068964,0.06846441947565543,0.09810066476733142,0.05848303393213573,0.045454545454545435
48,6,random,0.060767790262172286,0.0608915906788247,0.058511722731906225,0.05458612975391499,0.05420875420875423,0.04923547400611621,0.16703577512776832,0.05028901734104045,0.06909722222222221,0.05686274509803916,0.0740143369175627,0.06790232421300382,0.04933741080530072,0.10232558139534889,0.04225352112676053,0.04976303317535544,0.06870019236053859,0.07974842767295597,0.15543478260869562,0.04958677685950417,0.10719392314566578,0.04424778761061947,0.05487804878048784,0.05566666666666667,0.04761904761904765,0.12214452214452216,0.03939393939393938,0.05809128630705396,0.03448275862068964,0.06906367041198501,0.09848053181386517,0.05848303393213573,0.045454545454545435
49,7,random,0.06095505617977528,0.060992907801418424,0.058511722731906225,0.05458612975391499,0.05420875420875423,0.04923547400611621,0.170244179443498,0.05028901734104045,0.06909722222222221,0.05686274509803916,0.0740143369175627,0.06796116504854369,0.04933741080530072,0.10232558139534889,0.04225352112676053,0.04976303317535544,0.06879637262984335,0.07987421383647798,0.15579710144927533,0.04958677685950417,0.10869824247840332,0.04424778761061947,0.05495934959349597,0.05566666666666667,0.04761904761904765,0.12261072261072264,0.03939393939393938,0.05809128630705396,0.03448275862068964,0.06906367041198501,0.09876543209876547,0.05848303393213573,0.045454545454545435
50,8,random,0.06095505617977528,0.060992907801418424,0.058511722731906225,0.05458612975391499,0.05420875420875423,0.04923547400611621,0.17265758091993186,0.05028901734104045,0.06909722222222221,0.05686274509803916,0.0740143369175627,0.06796116504854369,0.04933741080530072,0.10251937984496128,0.04225352112676053,0.04976303317535544,0.06882385270678758,0.08,0.15579710144927533,0.04958677685950417,0.10960679177837357,0.04424778761061947,0.05495934959349597,0.05566666666666667,0.04761904761904765,0.12342657342657345,0.03939393939393938,0.05809128630705396,0.03448275862068964,0.06906367041198501,0.0988603988603989,0.05848303393213573,0.045454545454545435
51,9,random,0.06095505617977528,0.060992907801418424,0.058511722731906225,0.05458612975391499,0.05420875420875423,0.04923547400611621,0.17433276547416243,0.05028901734104045,0.06909722222222221,0.05686274509803916,0.0740143369175627,0.06796116504854369,0.04933741080530072,0.10251937984496128,0.04225352112676053,0.04976303317535544,0.0688375927452597,0.08,0.15579710144927533,0.04958677685950417,0.11005361930294906,0.04424778761061947,0.05495934959349597,0.05566666666666667,0.04761904761904765,0.12365967365967369,0.03939393939393938,0.05809128630705396,0.03448275862068964,0.06906367041198501,0.09905033238366576,0.05848303393213573,0.045454545454545435
52,10,random,0.06095505617977528,0.060992907801418424,0.058511722731906225,0.05458612975391499,0.05420875420875423,0.04923547400611621,0.17552526973310617,0.05028901734104045,0.06909722222222221,0.05686274509803916,0.0740143369175627,0.06796116504854369,0.04933741080530072,0.10251937984496128,0.04225352112676053,0.04976303317535544,0.0688375927452597,0.08,0.15579710144927533,0.04958677685950417,0.11045576407506702,0.04424778761061947,0.05495934959349597,0.05566666666666667,0.04761904761904765,0.12365967365967369,0.03939393939393938,0.05809128630705396,0.03448275862068964,0.06906367041198501,0.09905033238366576,0.05848303393213573,0.045454545454545435
53,11,random,0.06095505617977528,0.060992907801418424,0.058511722731906225,0.05458612975391499,0.05420875420875423,0.04923547400611621,0.17614991482112435,0.05028901734104045,0.06909722222222221,0.05686274509803916,0.0740143369175627,0.06796116504854369,0.04933741080530072,0.10251937984496128,0.04225352112676053,0.04976303317535544,0.0688375927452597,0.08,0.15579710144927533,0.04958677685950417,0.11076854334226988,0.04424778761061947,0.05495934959349597,0.05566666666666667,0.04761904761904765,0.1237762237762238,0.03939393939393938,0.058229598893499324,0.03448275862068964,0.06906367041198501,0.09905033238366576,0.05848303393213573,0.045454545454545435
54,12,random,0.06095505617977528,0.060992907801418424,0.058511722731906225,0.05458612975391499,0.05420875420875423,0.04923547400611621,0.1764906303236797,0.05028901734104045,0.06909722222222221,0.05686274509803916,0.0740143369175627,0.06796116504854369,0.04933741080530072,0.10251937984496128,0.04225352112676053,0.04976303317535544,0.0688375927452597,0.08,0.15579710144927533,0.04958677685950417,0.11097706285373847,0.04424778761061947,0.05495934959349597,0.05566666666666667,0.04761904761904765,0.1237762237762238,0.03939393939393938,0.058229598893499324,0.03448275862068964,0.06906367041198501,0.09905033238366576,0.05848303393213573,0.045454545454545435
55,13,random,0.06095505617977528,0.060992907801418424,0.058511722731906225,0.05458612975391499,0.05420875420875423,0.04923547400611621,0.1769449176604202,0.05028901734104045,0.06909722222222221,0.05686274509803916,0.0740143369175627,0.06796116504854369,0.04933741080530072,0.10251937984496128,0.04225352112676053,0.04976303317535544,0.0688375927452597,0.08,0.15579710144927533,0.04958677685950417,0.11109621686029193,0.04424778761061947,0.05495934959349597,0.05566666666666667,0.04761904761904765,0.12412587412587416,0.03939393939393938,0.05836791147994468,0.03448275862068964,0.06906367041198501,0.09905033238366576,0.05848303393213573,0.045454545454545435
56,14,random,0.06095505617977528,0.060992907801418424,0.058511722731906225,0.05458612975391499,0.05420875420875423,0.04923547400611621,0.1773708120386144,0.05028901734104045,0.06909722222222221,0.05686274509803916,0.0740143369175627,0.06796116504854369,0.04933741080530072,0.10251937984496128,0.04225352112676053,0.04976303317535544,0.0688375927452597,0.08,0.15579710144927533,0.04958677685950417,0.11112600536193028,0.04424778761061947,0.05495934959349597,0.05566666666666667,0.04761904761904765,0.12424242424242427,0.03939393939393938,0.05836791147994468,0.03448275862068964,0.06906367041198501,0.09905033238366576,0.05848303393213573,0.045454545454545435
57,15,random,0.06095505617977528,0.060992907801418424,0.058511722731906225,0.05458612975391499,0.05420875420875423,0.04923547400611621,0.1776263486655309,0.05028901734104045,0.06909722222222221,0.05686274509803916,0.0740143369175627,0.06796116504854369,0.04933741080530072,0.10251937984496128,0.04225352112676053,0.04976303317535544,0.0688375927452597,0.08,0.15579710144927533,0.04958677685950417,0.11115579386356865,0.04424778761061947,0.05495934959349597,0.05566666666666667,0.04761904761904765,0.12424242424242427,0.03939393939393938,0.05836791147994468,0.03448275862068964,0.06906367041198501,0.09905033238366576,0.05848303393213573,0.045454545454545435
58,16,random,0.06095505617977528,0.060992907801418424,0.058511722731906225,0.05458612975391499,0.05420875420875423,0.04923547400611621,0.1777967064168086,0.05028901734104045,0.06909722222222221,0.05686274509803916,0.0740143369175627,0.06796116504854369,0.04933741080530072,0.10251937984496128,0.04225352112676053,0.04976303317535544,0.0688375927452597,0.08,0.15579710144927533,0.04958677685950417,0.11115579386356865,0.04424778761061947,0.05495934959349597,0.05566666666666667,0.04761904761904765,0.12435897435897438,0.03939393939393938,0.05836791147994468,0.03448275862068964,0.06906367041198501,0.09905033238366576,0.05848303393213573,0.045454545454545435
59,17,random,0.06095505617977528,0.060992907801418424,0.058511722731906225,0.05458612975391499,0.05420875420875423,0.04923547400611621,0.17791027825099373,0.05028901734104045,0.06909722222222221,0.05686274509803916,0.0740143369175627,0.06796116504854369,0.04933741080530072,0.10251937984496128,0.04225352112676053,0.04976303317535544,0.0688375927452597,0.08,0.15579710144927533,0.04958677685950417,0.11118558236520704,0.04424778761061947,0.05495934959349597,0.05566666666666667,0.04761904761904765,0.12447552447552448,0.03939393939393938,0.05836791147994468,0.03448275862068964,0.06906367041198501,0.09905033238366576,0.05848303393213573,0.045454545454545435
60,18,random,0.06095505617977528,0.060992907801418424,0.058511722731906225,0.05458612975391499,0.05420875420875423,0.04923547400611621,0.1779954571266326,0.05028901734104045,0.06909722222222221,0.05686274509803916,0.0740143369175627,0.06796116504854369,0.04933741080530072,0.10251937984496128,0.04225352112676053,0.04976303317535544,0.0688375927452597,0.08,0.15579710144927533,0.04958677685950417,0.11118558236520704,0.04424778761061947,0.05495934959349597,0.05566666666666667,0.04761904761904765,0.12459207459207462,0.03939393939393938,0.05836791147994468,0.03448275862068964,0.06906367041198501,0.09905033238366576,0.05848303393213573,0.045454545454545435
61,19,random,0.06095505617977528,0.060992907801418424,0.058511722731906225,0.05458612975391499,0.05420875420875423,0.04923547400611621,0.17805224304372513,0.05028901734104045,0.06909722222222221,0.05686274509803916,0.0740143369175627,0.06796116504854369,0.04933741080530072,0.10251937984496128,0.04225352112676053,0.04976303317535544,0.0688375927452597,0.08,0.15579710144927533,0.04958677685950417,0.11118558236520704,0.04424778761061947,0.05495934959349597,0.05566666666666667,0.04761904761904765,0.12459207459207462,0.03939393939393938,0.05836791147994468,0.03448275862068964,0.06906367041198501,0.09905033238366576,0.05848303393213573,0.045454545454545435
62,20,random,0.06095505617977528,0.060992907801418424,0.058511722731906225,0.05458612975391499,0.05420875420875423,0.04923547400611621,0.1781090289608177,0.05028901734104045,0.06909722222222221,0.05686274509803916,0.0740143369175627,0.06796116504854369,0.04933741080530072,0.10251937984496128,0.04225352112676053,0.04976303317535544,0.0688375927452597,0.08,0.15579710144927533,0.04958677685950417,0.11118558236520704,0.04424778761061947,0.05495934959349597,0.05566666666666667,0.04761904761904765,0.12459207459207462,0.03939393939393938,0.05836791147994468,0.03448275862068964,0.06906367041198501,0.09905033238366576,0.05848303393213573,0.045454545454545435
